sample_id,target
ID1001187975__Dry_Green_g,30.328048706054688
ID1001187975__Dry_Dead_g,36.94337844848633
ID1001187975__Dry_Clover_g,0.0
ID1001187975__GDM_g,30.328048706054688
ID1001187975__Dry_Total_g,67.27142715454102
