sample_id,target
ID1001187975__Dry_Clover_g,0.0
ID1001187975__Dry_Dead_g,22.942312648936014
ID1001187975__Dry_Green_g,29.677668661560322
ID1001187975__Dry_Total_g,52.619981310496335
ID1001187975__GDM_g,29.677668661560322
