sample_id,target
ID1001187975__Dry_Clover_g,0.0
ID1001187975__Dry_Dead_g,32.743058708621234
ID1001187975__Dry_Green_g,30.035377686032227
ID1001187975__Dry_Total_g,62.77843639465346
ID1001187975__GDM_g,30.035377686032227
